pdb_id,mmcif_path,chain_id,n_residues,mmcif_sha256,file_size_bytes
10MV,C:/Users/auror/dev/2026/Spring_2026/C_Day/CDaySpring2026_Protein_Folding-main/CDaySpring2026_Protein_Folding-main/data/protein/mmcif_corpus50/10MV.cif,A,231,e43a87cc824c2ec35dc5400dbf57a193a720a73e9cbf664c22bdd7aa12babd9c,887118
11QE,C:/Users/auror/dev/2026/Spring_2026/C_Day/CDaySpring2026_Protein_Folding-main/CDaySpring2026_Protein_Folding-main/data/protein/mmcif_corpus50/11QE.cif,A,168,56e392ed9057fb8daaec1eb42d0ae03d61b7a56ed187be48f2a3a89a4349dce6,360710
11TE,C:/Users/auror/dev/2026/Spring_2026/C_Day/CDaySpring2026_Protein_Folding-main/CDaySpring2026_Protein_Folding-main/data/protein/mmcif_corpus50/11TE.cif,A,210,e6563dd015ff1ab7eb9e243e89dde058a748bb0a44f0c4e483cb57f41b0bfb3c,381092
11YC,C:/Users/auror/dev/2026/Spring_2026/C_Day/CDaySpring2026_Protein_Folding-main/CDaySpring2026_Protein_Folding-main/data/protein/mmcif_corpus50/11YC.cif,B,537,9be2d5a4ed749438a1c8095422355545f95b1fbef0df8bbe6da315cd017e38ce,988746
12AK,C:/Users/auror/dev/2026/Spring_2026/C_Day/CDaySpring2026_Protein_Folding-main/CDaySpring2026_Protein_Folding-main/data/protein/mmcif_corpus50/12AK.cif,A,133,b2ea16f5f3fcea842fd602dafa44406c1a267c004348ea99f4afeabecb33fd68,215520
13XK,C:/Users/auror/dev/2026/Spring_2026/C_Day/CDaySpring2026_Protein_Folding-main/CDaySpring2026_Protein_Folding-main/data/protein/mmcif_corpus50/13XK.cif,A,457,2987d510cb45e3fb8a06014a035c7d9054343280b2777e2e6f47bdc3cc000a6a,466129
13XL,C:/Users/auror/dev/2026/Spring_2026/C_Day/CDaySpring2026_Protein_Folding-main/CDaySpring2026_Protein_Folding-main/data/protein/mmcif_corpus50/13XL.cif,A,457,e579e582e6a5e5e931ecbff1c3a3c43b30e6bbb0d425f899c26435b3550f3351,473133
13XM,C:/Users/auror/dev/2026/Spring_2026/C_Day/CDaySpring2026_Protein_Folding-main/CDaySpring2026_Protein_Folding-main/data/protein/mmcif_corpus50/13XM.cif,A,457,c7850326d42be148264498051be20c39bceeaadc1c66e66fb295ea725718cc91,467805
13XN,C:/Users/auror/dev/2026/Spring_2026/C_Day/CDaySpring2026_Protein_Folding-main/CDaySpring2026_Protein_Folding-main/data/protein/mmcif_corpus50/13XN.cif,A,457,124048abd7104b77bca4ff8fac07a90bd09ae6c8aadc2d06b9eb788c7a3dbefd,470658
13XO,C:/Users/auror/dev/2026/Spring_2026/C_Day/CDaySpring2026_Protein_Folding-main/CDaySpring2026_Protein_Folding-main/data/protein/mmcif_corpus50/13XO.cif,A,457,bd44b87cb69f2c22b0d10432ac8639b31277e1be551ab8913567d482a7329176,473209
13XP,C:/Users/auror/dev/2026/Spring_2026/C_Day/CDaySpring2026_Protein_Folding-main/CDaySpring2026_Protein_Folding-main/data/protein/mmcif_corpus50/13XP.cif,A,457,6a2aaa78868ed29fc092eb4b3b1576ed284760c0ed6f29faa6b184d7ece08dff,486454
13XQ,C:/Users/auror/dev/2026/Spring_2026/C_Day/CDaySpring2026_Protein_Folding-main/CDaySpring2026_Protein_Folding-main/data/protein/mmcif_corpus50/13XQ.cif,A,457,de33f116d5dde3d9cc05878a9c095d99f85ecdf1b822bf23846325e57b9bb682,469312
13XR,C:/Users/auror/dev/2026/Spring_2026/C_Day/CDaySpring2026_Protein_Folding-main/CDaySpring2026_Protein_Folding-main/data/protein/mmcif_corpus50/13XR.cif,A,457,3f7877e61526cacd67d0fe72588fe16b1b64c19c637ec11accfba64cd8d6831f,469193
13XS,C:/Users/auror/dev/2026/Spring_2026/C_Day/CDaySpring2026_Protein_Folding-main/CDaySpring2026_Protein_Folding-main/data/protein/mmcif_corpus50/13XS.cif,A,457,888140e57f763b04fb344576db40b808c4ed572c36f0682f1e25079c895150a8,490400
13XT,C:/Users/auror/dev/2026/Spring_2026/C_Day/CDaySpring2026_Protein_Folding-main/CDaySpring2026_Protein_Folding-main/data/protein/mmcif_corpus50/13XT.cif,A,457,ce125d739de70de8b4826dc64133ec9dc4652d3a44d2494a07092d90a5fe1c6a,491258
13XU,C:/Users/auror/dev/2026/Spring_2026/C_Day/CDaySpring2026_Protein_Folding-main/CDaySpring2026_Protein_Folding-main/data/protein/mmcif_corpus50/13XU.cif,A,457,c17e7e1a7efddcd03fd3837f6d15baf20713016760821f1fbea7470db339923b,490324
13XV,C:/Users/auror/dev/2026/Spring_2026/C_Day/CDaySpring2026_Protein_Folding-main/CDaySpring2026_Protein_Folding-main/data/protein/mmcif_corpus50/13XV.cif,A,457,3f5cb8210bcc65b5abe505e52433715cd861c2f22835da96de24c8fc38591d91,489483
13XW,C:/Users/auror/dev/2026/Spring_2026/C_Day/CDaySpring2026_Protein_Folding-main/CDaySpring2026_Protein_Folding-main/data/protein/mmcif_corpus50/13XW.cif,A,457,2e9049328b26f6ecb3cfc665f1bf7bfccc635396a75d87407619f6cd45c68a7f,469634
13XX,C:/Users/auror/dev/2026/Spring_2026/C_Day/CDaySpring2026_Protein_Folding-main/CDaySpring2026_Protein_Folding-main/data/protein/mmcif_corpus50/13XX.cif,A,457,8ee0af7af6851287617b09388610e4aeaec18b3600c01117288c322ae5173bf0,467900
13XY,C:/Users/auror/dev/2026/Spring_2026/C_Day/CDaySpring2026_Protein_Folding-main/CDaySpring2026_Protein_Folding-main/data/protein/mmcif_corpus50/13XY.cif,A,457,c5d3b065da45bedd1ce63b97b5792e90a4b9190e8dd1651cf5dc3f9a840fc6a1,467725
13XZ,C:/Users/auror/dev/2026/Spring_2026/C_Day/CDaySpring2026_Protein_Folding-main/CDaySpring2026_Protein_Folding-main/data/protein/mmcif_corpus50/13XZ.cif,A,457,b66eb25965ee4103c641656ef3b890da2558881be1861245c6d0abdacceb71dd,472668
13YA,C:/Users/auror/dev/2026/Spring_2026/C_Day/CDaySpring2026_Protein_Folding-main/CDaySpring2026_Protein_Folding-main/data/protein/mmcif_corpus50/13YA.cif,A,457,9992737548a70b15f54679f0660d3b2752d6995529fa5f6d50360788f2eed3f3,468477
13YB,C:/Users/auror/dev/2026/Spring_2026/C_Day/CDaySpring2026_Protein_Folding-main/CDaySpring2026_Protein_Folding-main/data/protein/mmcif_corpus50/13YB.cif,A,457,13c5bbef9445c40443b3038848f54812b4287a61b70ccea7f26ec3f5c42448d9,472001
13YC,C:/Users/auror/dev/2026/Spring_2026/C_Day/CDaySpring2026_Protein_Folding-main/CDaySpring2026_Protein_Folding-main/data/protein/mmcif_corpus50/13YC.cif,A,457,6abd815a2ad9b0387de1445fb169b5c085c8ab2bbb9f0da98a2f6fef31a8461c,489382
13YD,C:/Users/auror/dev/2026/Spring_2026/C_Day/CDaySpring2026_Protein_Folding-main/CDaySpring2026_Protein_Folding-main/data/protein/mmcif_corpus50/13YD.cif,A,457,ef22635e3993e5ec63db25e7483e14ad608fadd6ee6f9fa191f6cbe587999f06,488528
13YE,C:/Users/auror/dev/2026/Spring_2026/C_Day/CDaySpring2026_Protein_Folding-main/CDaySpring2026_Protein_Folding-main/data/protein/mmcif_corpus50/13YE.cif,A,457,8ed830cac536f1327b4a26143b396ab5ee64bac200eced2dbf3e211a8c551895,467511
13YF,C:/Users/auror/dev/2026/Spring_2026/C_Day/CDaySpring2026_Protein_Folding-main/CDaySpring2026_Protein_Folding-main/data/protein/mmcif_corpus50/13YF.cif,A,457,0298627308a29a276819186cfca47962daf294dd724ef4e76f1e83c1c62e6e4e,471133
13YG,C:/Users/auror/dev/2026/Spring_2026/C_Day/CDaySpring2026_Protein_Folding-main/CDaySpring2026_Protein_Folding-main/data/protein/mmcif_corpus50/13YG.cif,A,457,54f1244daf6d4ce99cdb863918135e175e9854abeecb5f8a0b8808e615b135b7,470137
13YH,C:/Users/auror/dev/2026/Spring_2026/C_Day/CDaySpring2026_Protein_Folding-main/CDaySpring2026_Protein_Folding-main/data/protein/mmcif_corpus50/13YH.cif,A,457,6d457a68fb98ac334ebc11c9a5c65947bf6349e644632349e10dade0dabefc08,471386
13YI,C:/Users/auror/dev/2026/Spring_2026/C_Day/CDaySpring2026_Protein_Folding-main/CDaySpring2026_Protein_Folding-main/data/protein/mmcif_corpus50/13YI.cif,A,457,80f7d2aa5a831e1f41f16bbafbeb2569e717ae54f04e597de066e43b3a822051,490775
13YJ,C:/Users/auror/dev/2026/Spring_2026/C_Day/CDaySpring2026_Protein_Folding-main/CDaySpring2026_Protein_Folding-main/data/protein/mmcif_corpus50/13YJ.cif,A,457,f3830453a77e7fc3f8a4e74451bfbbd48823ac25460416b3474fe015b28744a7,489443
13YK,C:/Users/auror/dev/2026/Spring_2026/C_Day/CDaySpring2026_Protein_Folding-main/CDaySpring2026_Protein_Folding-main/data/protein/mmcif_corpus50/13YK.cif,A,457,a546bd010c03338e39d340357073195adb30a27d13086932d598e8f1a30ab7ca,488226
13YL,C:/Users/auror/dev/2026/Spring_2026/C_Day/CDaySpring2026_Protein_Folding-main/CDaySpring2026_Protein_Folding-main/data/protein/mmcif_corpus50/13YL.cif,A,457,f1c15fc79b7a90373afc70bde5c8ece03723ad00fb06171ab84e0f2d9c27acd1,475713
13YM,C:/Users/auror/dev/2026/Spring_2026/C_Day/CDaySpring2026_Protein_Folding-main/CDaySpring2026_Protein_Folding-main/data/protein/mmcif_corpus50/13YM.cif,A,457,534cee79b2905eefd015a5ba940b6260f62259a5dc80970b3fa3ac053fe8e4f9,471076
13YN,C:/Users/auror/dev/2026/Spring_2026/C_Day/CDaySpring2026_Protein_Folding-main/CDaySpring2026_Protein_Folding-main/data/protein/mmcif_corpus50/13YN.cif,A,457,82f699b31ed5c01082293fe027f960c8696f552349b5742af6b56212aef68db4,488269
13YO,C:/Users/auror/dev/2026/Spring_2026/C_Day/CDaySpring2026_Protein_Folding-main/CDaySpring2026_Protein_Folding-main/data/protein/mmcif_corpus50/13YO.cif,A,457,44b8028cad54c1355de4dde9278b412d5dd434a09287fefc03ddada38741a0c4,468011
13YP,C:/Users/auror/dev/2026/Spring_2026/C_Day/CDaySpring2026_Protein_Folding-main/CDaySpring2026_Protein_Folding-main/data/protein/mmcif_corpus50/13YP.cif,A,457,fc74c8a33627bb71079177eb3edea3fd4cb2a67cb379d3bf085afeeedb556bdf,468632
13YQ,C:/Users/auror/dev/2026/Spring_2026/C_Day/CDaySpring2026_Protein_Folding-main/CDaySpring2026_Protein_Folding-main/data/protein/mmcif_corpus50/13YQ.cif,A,457,63c66b72c75bd498889969b05f3feb2b985894f2126ef8b440dc48218051f4dc,472661
13YR,C:/Users/auror/dev/2026/Spring_2026/C_Day/CDaySpring2026_Protein_Folding-main/CDaySpring2026_Protein_Folding-main/data/protein/mmcif_corpus50/13YR.cif,A,457,85cb65f822062299e9864fbc459896f504ca349310d8db3c64d4e480d93af579,468311
13YS,C:/Users/auror/dev/2026/Spring_2026/C_Day/CDaySpring2026_Protein_Folding-main/CDaySpring2026_Protein_Folding-main/data/protein/mmcif_corpus50/13YS.cif,A,457,d3aa56eb5672094cfdae5aed89721e7b6fcfbdc8e8c47249d0c217a0ca0a2551,489065
13YT,C:/Users/auror/dev/2026/Spring_2026/C_Day/CDaySpring2026_Protein_Folding-main/CDaySpring2026_Protein_Folding-main/data/protein/mmcif_corpus50/13YT.cif,A,457,915ec91a1d1bd3560ff7cc45d4e733e6c5fb620407b2159d955b7c4dd6f45684,488260
13YU,C:/Users/auror/dev/2026/Spring_2026/C_Day/CDaySpring2026_Protein_Folding-main/CDaySpring2026_Protein_Folding-main/data/protein/mmcif_corpus50/13YU.cif,A,457,2e7749bea0a05d9fdd83938674cdbfb005aee0ec178b09c3750edc2fdffec191,492592
13YV,C:/Users/auror/dev/2026/Spring_2026/C_Day/CDaySpring2026_Protein_Folding-main/CDaySpring2026_Protein_Folding-main/data/protein/mmcif_corpus50/13YV.cif,A,457,55535d95e55c86942da5ca4382dc97b7b96a9f36f3e774874b68bd2603eafd77,473607
13YW,C:/Users/auror/dev/2026/Spring_2026/C_Day/CDaySpring2026_Protein_Folding-main/CDaySpring2026_Protein_Folding-main/data/protein/mmcif_corpus50/13YW.cif,A,457,c3e4c15d0c993d46af3a372293847bcf8ebee9d387cab1bbfd8b051507a7274e,474554
13YX,C:/Users/auror/dev/2026/Spring_2026/C_Day/CDaySpring2026_Protein_Folding-main/CDaySpring2026_Protein_Folding-main/data/protein/mmcif_corpus50/13YX.cif,A,457,867a9d85bcb8f0de08ba2041a0422004c8b1c0e1afac3a75d180d14552ea8a3c,469980
13YY,C:/Users/auror/dev/2026/Spring_2026/C_Day/CDaySpring2026_Protein_Folding-main/CDaySpring2026_Protein_Folding-main/data/protein/mmcif_corpus50/13YY.cif,A,457,e0053446da219846615351d0d0e94c926edf4d894c7e44db0cbd46ac7fd63ee6,480497
13YZ,C:/Users/auror/dev/2026/Spring_2026/C_Day/CDaySpring2026_Protein_Folding-main/CDaySpring2026_Protein_Folding-main/data/protein/mmcif_corpus50/13YZ.cif,A,457,01f19b95db2999a7d1261e031f688475b13752ea8d3a5b7eabd98c980c26441e,469622
13ZN,C:/Users/auror/dev/2026/Spring_2026/C_Day/CDaySpring2026_Protein_Folding-main/CDaySpring2026_Protein_Folding-main/data/protein/mmcif_corpus50/13ZN.cif,A,457,54a001e9de029007f51b4e6c10b2a143581d635b8c45545a0dd1bc532d090037,472003
13ZZ,C:/Users/auror/dev/2026/Spring_2026/C_Day/CDaySpring2026_Protein_Folding-main/CDaySpring2026_Protein_Folding-main/data/protein/mmcif_corpus50/13ZZ.cif,A,457,29664561aba428cad47f74435c6995041688e38a507e7bf9919150b8ae133e52,469915
14AA,C:/Users/auror/dev/2026/Spring_2026/C_Day/CDaySpring2026_Protein_Folding-main/CDaySpring2026_Protein_Folding-main/data/protein/mmcif_corpus50/14AA.cif,A,457,5039fba7dcdb6dc045f3e6dd6388edf242eac5320d0899772954cc246aa694df,457088
